rank,title,severity,surface,effort,effort_days,pxl_score,pxl_max,verified,impact,summary,problem,recommended_change,evidence,analysts_agreeing,opportunity_low,opportunity_high,opportunity_basis,sample_per_variant,test_days,detail_page
1,Missing security headers,MEDIUM,Site-Wide Security,Medium,2-5 days,6,10,yes,trust,"6 of 6 standard security headers are absent, which weakens protection against XSS, clickjacking and downgrade attacks.","6 of 6 standard security headers are absent, which weakens protection against XSS, clickjacking and downgrade attacks.",notes: Add the missing headers at the CDN or web-server layer; HSTS and X-Content-Type-Options are one-line changes.,"Measured on the live origin: missing HSTS, CSP, X-Content-Type-Options, X-Frame-Options, Referrer-Policy, Permissions-Policy.",Technical & Accessibility,0.1,0.4,"per 1,000 visitors at an assumed 2.00% baseline conversion rate and a 0.5-2.0% relative lift",1941808,,finding_1_missing_security_headers.html
2,No trust signals present,HIGH,Homepage,Medium,2-5 days,5,10,no,trust,"The page lacks any trust indicators such as reviews, guarantees, or security badges, undermining visitor confidence.","The page lacks any trust indicators such as reviews, guarantees, or security badges, undermining visitor confidence.","h1: Example Domain; cta: Learn more; notes: Add testimonials, guarantee, or security badges near CTA.",The page's main headline reads “Example Domain”. | The only call to action on the page is “Learn more”. | Page copy reads “# Example Domain This domain is for use in documentation examples without needing permission. Avoid use in operations. [Learn more](https://iana.org/domains/example)”.,Trust & Social Proof,0.2,1.0,"per 1,000 visitors at an assumed 2.00% baseline conversion rate and a 1.0-5.0% relative lift",315206,,finding_2_no_trust_signals_present.html
3,Missing trust signals above the fold,HIGH,Trust & Proof,Medium,2-5 days,5,10,yes,trust,"The homepage shows no sign of returns policy, guarantee, reviews, security badge, so a first-time visitor has nothing to offset purchase risk.","The homepage shows no sign of returns policy, guarantee, reviews, security badge, so a first-time visitor has nothing to offset purchase risk.","notes: Surface review counts, the returns window and a guarantee near the primary call to action.","Measured on the live homepage: no match for returns policy, guarantee, reviews, security badge.",Technical & Accessibility,0.2,1.0,"per 1,000 visitors at an assumed 2.00% baseline conversion rate and a 1.0-5.0% relative lift",315206,,finding_3_missing_trust_signals_above_the_fold.html
4,No guarantee or return policy,MEDIUM,Homepage,Medium,2-5 days,5,10,no,trust,"The absence of any guarantee or return policy leaves visitors uncertain about risk, hindering conversion.","The absence of any guarantee or return policy leaves visitors uncertain about risk, hindering conversion.",h1: Example Domain; cta: Learn more; notes: Publish clear guarantee or return policy near CTA.,Page copy reads “# Example Domain This domain is for use in documentation examples without needing permission. Avoid use in operations. [Learn more](https://iana.org/domains/example)”.,Trust & Social Proof,0.1,0.4,"per 1,000 visitors at an assumed 2.00% baseline conversion rate and a 0.5-2.0% relative lift",1941808,,finding_4_no_guarantee_or_return_policy.html
5,No credibility or review evidence,MEDIUM,Homepage,Medium,2-5 days,5,10,no,trust,"The page lacks third-party validation like reviews or ratings, reducing perceived credibility.","The page lacks third-party validation like reviews or ratings, reducing perceived credibility.","h1: Example Domain; cta: Learn more; notes: Add verified reviews, star ratings, or trusted-by logos.",The page's main headline reads “Example Domain”. | The only call to action on the page is “Learn more”.,Trust & Social Proof,0.1,0.4,"per 1,000 visitors at an assumed 2.00% baseline conversion rate and a 0.5-2.0% relative lift",1941808,,finding_5_no_credibility_or_review_evidence.html
6,Weak page metadata,MEDIUM,Site-Wide Seo,Medium,2-5 days,5,10,yes,traffic,"Search and social previews are degraded: page title (absent), meta description, Open Graph tags are missing or outside recommended lengths.","Search and social previews are degraded: page title (absent), meta description, Open Graph tags are missing or outside recommended lengths.",notes: Write a 15-60 char title and 70-160 char description per page; add og:title and og:image for link previews.,"Measured on the homepage: title 0 chars (15-60 recommended); description 0 chars (70-160 recommended); og:title missing, og:image missing.",Technical & Accessibility,0.1,0.4,"per 1,000 visitors at an assumed 2.00% baseline conversion rate and a 0.5-2.0% relative lift",1941808,,finding_6_weak_page_metadata.html
7,No responsive viewport declared,URGENT,Mobile,Medium,2-5 days,4,10,yes,conversion,"Without a viewport meta tag, mobile browsers render the desktop layout scaled down, making every tap target too small and severely hurting mobile conversion.","Without a viewport meta tag, mobile browsers render the desktop layout scaled down, making every tap target too small and severely hurting mobile conversion.","notes: Add <meta name=""viewport"" content=""width=device-width, initial-scale=1"">","Measured on the mobile render: no <meta name=""viewport""> present.",Technical & Accessibility,0.4,1.6,"per 1,000 visitors at an assumed 2.00% baseline conversion rate and a 2.0-8.0% relative lift",124891,,finding_7_no_responsive_viewport_declared.html
8,No value proposition stated,HIGH,"Above The Fold, Main Copy",Low,0.5-2 days,4,10,no,conversion,"The page copy fails to communicate what is being sold or why it is valuable, leaving visitors without a reason to engage.","The page copy fails to communicate what is being sold or why it is valuable, leaving visitors without a reason to engage.",h1: Clear value proposition naming product/service and key benefit; cta: Benefit-oriented CTA; notes: Replace generic copy with specific value proposition.,This domain is for use in documentation examples without needing permission. | Avoid use in operations.,Message Clarity,0.2,1.0,"per 1,000 visitors at an assumed 2.00% baseline conversion rate and a 1.0-5.0% relative lift",315206,,finding_8_no_value_proposition_stated.html
9,Single generic call to action,MEDIUM,Primary Call To Action,Medium,2-5 days,3,10,no,conversion,"The only CTA 'Learn more' is vague and does not specify the action or outcome, reducing click-through intent.","The only CTA 'Learn more' is vague and does not specify the action or outcome, reducing click-through intent.","h1: Example Domain; cta: Specific, benefit-oriented phrase; notes: Change CTA to clearly state action and benefit.",,Message Clarity,0.1,0.4,"per 1,000 visitors at an assumed 2.00% baseline conversion rate and a 0.5-2.0% relative lift",1941808,,finding_9_single_generic_call_to_action.html
